{
  "author": "BuildFire",
  "pluginName": "Youtube Compatibility",
  "pluginDescription": "Sync your YouTube channel feed or a single steam video and to give your users a fresh viewing experience. When you upload new videos, they'll automatically be pulled into your app.Related Topics: MP4, Advertising",
  "pluginKeywords":"youtube,google,video,play,playlist,channel,player,mp4,music",
  "supportEmail": "support@buildfire.com",
  "supportSite": "http://learn.appdocumentation.com/plugin-tutorials/youtube-plugin-tutorial/",
  "offlineModeEnabled": true,
  "control": {
    "content": {
      "enabled": true
    },
    "design": {
      "enabled": true
    },
    "settings": {
      "enabled": false
    }
  },
  "widget": {},
  "features": [{"name" : "sharing"}],
  "languages": ["en"]
}
